{"cameraMode":{"drawMode":0,"name":"Shaded","section":"Shading Mode"},"sceneLighting":true,"audioPlay":false,"sceneViewState":{"showFog":true,"showMaterialUpdate":false,"showSkybox":true,"showFlares":true,"showImageEffects":true,"showParticleSystems":true},"in2DMode":false,"pivot":{"x":-80.66463470458985,"y":6.076464653015137,"z":-19.468297958374025},"rotation":{"x":0.07755327969789505,"y":0.6317226886749268,"z":-0.06416073441505432,"w":0.7688102126121521},"size":0.21734976768493653,"orthographic":false}