{"cameraMode":{"drawMode":0,"name":"Shaded","section":"Shading Mode"},"sceneLighting":true,"audioPlay":false,"sceneViewState":{"showFog":true,"showMaterialUpdate":false,"showSkybox":true,"showFlares":true,"showImageEffects":true,"showParticleSystems":true},"in2DMode":false,"pivot":{"x":-79.98377990722656,"y":-0.2986692786216736,"z":-13.934773445129395},"rotation":{"x":-0.10214895009994507,"y":0.016854245215654374,"z":-0.000996978022158146,"w":-0.9948158860206604},"size":0.5229624509811401,"orthographic":false}