{"cameraMode":{"drawMode":0,"name":"Shaded","section":"Shading Mode"},"sceneLighting":true,"audioPlay":false,"sceneViewState":{"showFog":true,"showMaterialUpdate":false,"showSkybox":true,"showFlares":true,"showImageEffects":true,"showParticleSystems":true},"in2DMode":false,"pivot":{"x":-376.8462829589844,"y":68.63343048095703,"z":50.99135971069336},"rotation":{"x":-0.000031834872061153874,"y":0.7147544026374817,"z":-0.00046383068547584116,"w":0.6995158195495606},"size":7.851980209350586,"orthographic":false}