{"cameraMode":{"drawMode":0,"name":"Shaded","section":"Shading Mode"},"sceneLighting":true,"audioPlay":false,"sceneViewState":{"showFog":true,"showMaterialUpdate":false,"showSkybox":true,"showFlares":true,"showImageEffects":true,"showParticleSystems":true},"in2DMode":false,"pivot":{"x":-77.75350189208985,"y":-0.9529338479042053,"z":-13.626224517822266},"rotation":{"x":0.06236056983470917,"y":-0.43862205743789675,"z":0.030146216973662378,"w":0.8961586356163025},"size":0.5834377408027649,"orthographic":false}